{
  "slides/chapter_1_f2fb765f40ee9ce8c4c070ff9d83d412.md": [
    {
      "timing": 0,
      "state": {
        "indexh": 0,
        "indexf": -1
      }
    },
    {
      "timing": 0.07359574855960622,
      "state": {
        "indexh": 1,
        "indexf": -1
      }
    },
    {
      "timing": 0.25889421556139136,
      "state": {
        "indexh": 1,
        "indexf": 0
      }
    },
    {
      "timing": 0.6328383251691772,
      "state": {
        "indexh": 1,
        "indexf": 1
      }
    }
  ]
}